id,comment,status,lastmodifiedby,lastmodifieddatetime,domain,scenario_id,pathway_id
100,Generic POC,Active,echasin,2016-12-31 00:00:00,TEST,100,100
110,Generic POC,Active,echasin,2016-12-31 00:00:00,TEST,100,110
120,Generic POC,Active,echasin,2016-12-31 00:00:00,TEST,100,120
130,Generic POC,Active,echasin,2016-12-31 00:00:00,TEST,100,130
140,Generic POC,Active,echasin,2016-12-31 00:00:00,TEST,100,140
150,Generic POC,Active,echasin,2016-12-31 00:00:00,TEST,100,150
200,Steal Car POC,Active,echasin,2016-12-31 00:00:00,TEST,200,200
210,Steal Car POC,Active,echasin,2016-12-31 00:00:00,TEST,200,210
220,Steal Car POC,Active,echasin,2016-12-31 00:00:00,TEST,200,220
230,Steal Car POC,Active,echasin,2016-12-31 00:00:00,TEST,200,230
240,Steal Car POC,Active,echasin,2016-12-31 00:00:00,TEST,200,240
250,Steal Car POC,Active,echasin,2016-12-31 00:00:00,TEST,200,250
260,Steal Car POC,Active,echasin,2016-12-31 00:00:00,TEST,200,260